Solids,/wp-content/plugins/wp-muestrario/panelex/solids/2316golden.png
Solids,/wp-content/plugins/wp-muestrario/panelex/solids/2111blancop.png,2111.blanco p
Solids,/wp-content/plugins/wp-muestrario/panelex/solids/2316golden.png,2316.golden
Solids,/wp-content/plugins/wp-muestrario/panelex/solids/2137red.png,2137.red
Solids,/wp-content/plugins/wp-muestrario/panelex/solids/0888lapizlasul.png,0888.lapizlasul
Solids,/wp-content/plugins/wp-muestrario/panelex/solids/2110cinder.png,2110.cinder
Solids,/wp-content/plugins/wp-muestrario/panelex/solids/2191cloud.png,2191.cloud
Solids,/wp-content/plugins/wp-muestrario/panelex/solids/2103alumina.png,2103.alumina
Solids,/wp-content/plugins/wp-muestrario/panelex/solids/2192graphite.png,2192.graphite
Solids,/wp-content/plugins/wp-muestrario/panelex/solids/2225terracota.png,2225.terracota
Solids,/wp-content/plugins/wp-muestrario/panelex/solids/2239sunset.png,2239.sunset
Solids,/wp-content/plugins/wp-muestrario/panelex/solids/2295orangine.png,2295.orangine
Solids,/wp-content/plugins/wp-muestrario/panelex/solids/2158burgundi.png,2158.burgundi
Solids,/wp-content/plugins/wp-muestrario/panelex/solids/2298mostaza.png,2298.mostaza
Solids,/wp-content/plugins/wp-muestrario/panelex/solids/2314brun.png,2314.brun
Solids,/wp-content/plugins/wp-muestrario/panelex/solids/2111taupe.png,2111.taupe
Solids,/wp-content/plugins/wp-muestrario/panelex/solids/2100antiqueblanco.png,2100.antique blanco
Solids,/wp-content/plugins/wp-muestrario/panelex/solids/2248olive.png,2248.olive
Solids,/wp-content/plugins/wp-muestrario/panelex/solids/2186neon.png,2186.neon
Solids,/wp-content/plugins/wp-muestrario/panelex/solids/2252forest.png,2252.forest
Solids,/wp-content/plugins/wp-muestrario/panelex/solids/2205citrus.png,2205.citrus
Solids,/wp-content/plugins/wp-muestrario/panelex/solids/2180mediterranean.png,2180.mediterranean
Solids,/wp-content/plugins/wp-muestrario/panelex/solids/2176turquesa.png,2176.turquesa
Solids,/wp-content/plugins/wp-muestrario/panelex/solids/2182caribean.png,2182.caribean
Solids,/wp-content/plugins/wp-muestrario/panelex/solids/0888blue.png,0888.blue
Woods,/wp-content/plugins/wp-muestrario/panelex/woods/1534nocenaturale.png
Woods,/wp-content/plugins/wp-muestrario/panelex/woods/1534nocenaturale.png,1534 noce naturale 
Woods,/wp-content/plugins/wp-muestrario/panelex/woods/1467Roblelineal.png,1467 Roble lineal
Woods,/wp-content/plugins/wp-muestrario/panelex/woods/1517spicedchestnut.png,1517.spiced chestnut 
Woods,/wp-content/plugins/wp-muestrario/panelex/woods/0470ash.png,0470.ash 
Woods,/wp-content/plugins/wp-muestrario/panelex/woods/1807wengue.png,1807.wengué 
Woods,/wp-content/plugins/wp-muestrario/panelex/woods/1532countrysideoak.png,1532.country side oak 
Woods,/wp-content/plugins/wp-muestrario/panelex/woods/1513italianwalnut.png,1513.italian walnut 
Woods,/wp-content/plugins/wp-muestrario/panelex/woods/1474classiccherry.png,1474.classic cherry 
Woods,/wp-content/plugins/wp-muestrario/panelex/woods/1829greyoak.png,1829-grey oak 
Woods,/wp-content/plugins/wp-muestrario/panelex/woods/1489cypresscamel.png,1489.cypress camel 
Woods,/wp-content/plugins/wp-muestrario/panelex/woods/1460pear.png,1460.pear 
Woods,/wp-content/plugins/wp-muestrario/panelex/woods/1460mahogany.png,1460.mahogany
Op. Ceramix,/wp-content/plugins/wp-muestrario/panelex/op.ceramix/3127industrialconcrete.png
Op. Ceramix,/wp-content/plugins/wp-muestrario/panelex/op.ceramix/3127industrialconcrete.png,3127.industrial concrete
Op. Ceramix,/wp-content/plugins/wp-muestrario/panelex/op.ceramix/3148industrialclinker.png,3148.industrial clinker
Op. Ceramix,/wp-content/plugins/wp-muestrario/panelex/op.ceramix/2509metaliclinen.png,2509.metalic linen
Precious Metals,/wp-content/plugins/wp-muestrario/panelex/precius-metals/2507oliedbronce.png
Precious Metals,/wp-content/plugins/wp-muestrario/panelex/precius-metals/2507oliedbronce.png,2507.olied bronce
Precious Metals,/wp-content/plugins/wp-muestrario/panelex/precius-metals/2508brushedrosegold.png,2508.brushed rosegold
Precious Metals,/wp-content/plugins/wp-muestrario/panelex/precius-metals/2506brushedchampagne.png,2506.brushed champagne
Art Work,/wp-content/plugins/wp-muestrario/panelex/ArtWork/01serieRicharddifusion.png
Art Work,/wp-content/plugins/wp-muestrario/panelex/ArtWork/01serieRicharddifusion.png,01.serie Richard.difusion
Art Work,/wp-content/plugins/wp-muestrario/panelex/ArtWork/02RF.png,02.RF
Art Work,/wp-content/plugins/wp-muestrario/panelex/ArtWork/03RF.png,03 RF
Art Work,/wp-content/plugins/wp-muestrario/panelex/ArtWork/04RF.png,04 RF